area_type,population_density,traffic_flow,green_spaces,public_transport,optimization_suggestion
industrial,858,389,35,91,increase_green_spaces
downtown,998,277,11,4,expand_public_transport
industrial,342,58,90,80,increase_green_spaces
industrial,642,215,1,55,increase_green_spaces
downtown,139,481,12,19,optimize_traffic
downtown,328,493,52,40,optimize_traffic
industrial,647,368,31,45,increase_green_spaces
suburban,322,263,94,11,expand_public_transport
industrial,105,166,15,69,increase_green_spaces
industrial,421,435,31,16,increase_green_spaces
industrial,567,393,31,18,expand_public_transport
industrial,831,121,97,25,expand_public_transport
downtown,174,444,10,47,expand_public_transport
industrial,103,113,9,51,expand_public_transport
suburban,946,254,14,95,increase_green_spaces
downtown,745,258,16,69,increase_green_spaces
suburban,217,121,39,54,optimize_traffic
suburban,980,326,17,99,increase_green_spaces
suburban,705,323,54,74,expand_public_transport
suburban,603,369,72,32,optimize_traffic
downtown,673,387,24,61,expand_public_transport
downtown,540,415,58,87,increase_green_spaces
suburban,293,144,77,22,optimize_traffic
suburban,946,215,88,14,expand_public_transport
downtown,814,81,21,26,optimize_traffic
downtown,491,60,29,74,optimize_traffic
downtown,125,350,83,63,increase_green_spaces
industrial,534,266,84,80,expand_public_transport
industrial,272,338,43,50,optimize_traffic
industrial,399,151,31,52,optimize_traffic
suburban,744,474,50,77,expand_public_transport
industrial,425,441,45,90,optimize_traffic
suburban,509,316,20,81,optimize_traffic
suburban,217,263,98,91,optimize_traffic
industrial,935,228,31,50,expand_public_transport
suburban,886,137,93,46,expand_public_transport
industrial,823,90,38,3,expand_public_transport
industrial,324,450,11,6,expand_public_transport
downtown,631,125,46,34,increase_green_spaces
industrial,212,426,17,47,optimize_traffic
downtown,239,95,20,72,expand_public_transport
industrial,658,209,12,71,optimize_traffic
industrial,100,129,20,44,optimize_traffic
downtown,189,359,7,80,increase_green_spaces
downtown,753,135,45,80,expand_public_transport
industrial,419,141,6,96,expand_public_transport
suburban,649,197,22,95,optimize_traffic
downtown,904,210,95,71,expand_public_transport
suburban,993,251,74,18,optimize_traffic
suburban,238,473,85,62,optimize_traffic
suburban,610,465,21,37,increase_green_spaces
downtown,967,291,88,66,increase_green_spaces
suburban,944,402,21,58,increase_green_spaces
downtown,358,51,91,68,optimize_traffic
suburban,772,274,28,12,expand_public_transport
industrial,789,338,12,46,increase_green_spaces
industrial,109,282,81,60,expand_public_transport
downtown,360,463,1,30,increase_green_spaces
industrial,749,466,28,79,increase_green_spaces
industrial,271,126,84,95,optimize_traffic
suburban,997,165,78,21,increase_green_spaces
downtown,112,203,51,92,increase_green_spaces
suburban,267,455,26,85,optimize_traffic
suburban,741,152,49,42,expand_public_transport
suburban,695,243,94,66,increase_green_spaces
suburban,420,215,78,53,optimize_traffic
suburban,418,408,22,9,increase_green_spaces
suburban,712,139,87,41,optimize_traffic
suburban,428,223,43,63,expand_public_transport
downtown,884,171,76,20,expand_public_transport
industrial,876,192,21,79,optimize_traffic
suburban,649,155,42,75,optimize_traffic
suburban,518,424,36,65,optimize_traffic
suburban,705,477,60,40,expand_public_transport
suburban,194,354,96,23,increase_green_spaces
suburban,916,409,55,34,expand_public_transport
suburban,680,366,2,55,optimize_traffic
industrial,417,172,62,29,optimize_traffic
industrial,335,439,18,56,expand_public_transport
suburban,433,58,22,93,optimize_traffic
industrial,984,311,28,46,expand_public_transport
downtown,475,122,29,34,optimize_traffic
suburban,558,408,38,18,increase_green_spaces
downtown,236,272,24,7,increase_green_spaces
downtown,687,465,7,25,optimize_traffic
suburban,646,90,57,70,expand_public_transport
industrial,612,419,15,29,increase_green_spaces
downtown,395,253,71,6,expand_public_transport
suburban,419,313,0,66,optimize_traffic
downtown,671,377,4,64,expand_public_transport
downtown,931,227,2,35,increase_green_spaces
downtown,448,397,64,24,expand_public_transport
downtown,939,367,3,36,expand_public_transport
industrial,878,133,98,0,optimize_traffic
downtown,972,367,95,14,optimize_traffic
downtown,328,160,63,36,optimize_traffic
downtown,369,300,97,12,increase_green_spaces
industrial,927,432,88,7,increase_green_spaces
downtown,897,56,9,4,optimize_traffic
downtown,390,133,20,59,optimize_traffic
industrial,824,257,45,72,increase_green_spaces
industrial,264,437,90,0,increase_green_spaces
industrial,104,439,26,35,increase_green_spaces
downtown,950,363,65,34,increase_green_spaces
industrial,478,71,40,65,optimize_traffic
industrial,177,459,12,62,increase_green_spaces
downtown,509,432,8,22,optimize_traffic
industrial,673,52,35,8,expand_public_transport
downtown,231,176,85,33,expand_public_transport
suburban,700,346,89,45,increase_green_spaces
industrial,848,237,57,77,expand_public_transport
suburban,141,411,53,3,expand_public_transport
downtown,188,63,11,29,expand_public_transport
industrial,501,61,80,94,increase_green_spaces
downtown,395,136,77,74,increase_green_spaces
suburban,939,61,13,98,expand_public_transport
downtown,394,446,33,71,optimize_traffic
industrial,715,74,52,2,expand_public_transport
industrial,625,350,19,13,increase_green_spaces
suburban,899,292,74,59,increase_green_spaces
downtown,790,171,15,76,increase_green_spaces
industrial,736,196,94,44,expand_public_transport
suburban,521,104,69,95,optimize_traffic
industrial,964,287,55,33,increase_green_spaces
industrial,122,405,82,44,increase_green_spaces
downtown,674,222,57,60,expand_public_transport
industrial,242,441,3,82,optimize_traffic
downtown,764,270,3,15,expand_public_transport
industrial,244,168,19,65,increase_green_spaces
suburban,324,358,9,39,optimize_traffic
industrial,602,232,23,16,optimize_traffic
downtown,920,337,98,33,increase_green_spaces
downtown,715,356,25,15,optimize_traffic
suburban,203,349,36,59,optimize_traffic
industrial,138,131,84,65,expand_public_transport
industrial,297,451,53,65,increase_green_spaces
suburban,745,260,20,89,increase_green_spaces
industrial,678,199,73,12,increase_green_spaces
industrial,490,86,37,55,increase_green_spaces
downtown,278,401,45,30,increase_green_spaces
industrial,653,361,3,33,optimize_traffic
industrial,547,410,59,38,expand_public_transport
suburban,599,108,56,66,increase_green_spaces
suburban,114,180,44,7,expand_public_transport
downtown,722,461,19,86,expand_public_transport
industrial,768,251,16,77,optimize_traffic
industrial,388,292,70,54,increase_green_spaces
industrial,577,84,3,26,optimize_traffic
downtown,330,494,92,92,increase_green_spaces
downtown,519,142,13,52,optimize_traffic
suburban,256,487,2,38,expand_public_transport
downtown,649,496,87,64,increase_green_spaces
industrial,540,256,79,16,expand_public_transport
industrial,196,402,57,29,expand_public_transport
downtown,510,440,54,52,optimize_traffic
industrial,388,381,3,12,increase_green_spaces
industrial,353,354,23,20,expand_public_transport
downtown,295,399,33,18,optimize_traffic
downtown,697,262,29,52,increase_green_spaces
industrial,933,208,81,18,increase_green_spaces
industrial,621,491,18,56,expand_public_transport
industrial,616,494,30,24,increase_green_spaces
suburban,734,73,59,85,expand_public_transport
suburban,941,453,59,30,increase_green_spaces
suburban,964,342,18,80,optimize_traffic
downtown,217,53,48,54,expand_public_transport
suburban,905,269,62,22,expand_public_transport
downtown,258,413,82,31,increase_green_spaces
downtown,914,431,21,61,increase_green_spaces
suburban,327,69,23,73,expand_public_transport
suburban,976,493,75,9,increase_green_spaces
suburban,315,201,29,99,optimize_traffic
industrial,795,99,57,71,increase_green_spaces
suburban,114,226,30,53,optimize_traffic
industrial,256,484,99,51,optimize_traffic
downtown,747,145,63,19,optimize_traffic
industrial,360,154,18,31,optimize_traffic
suburban,256,469,47,13,optimize_traffic
downtown,146,299,44,49,increase_green_spaces
downtown,423,166,99,27,optimize_traffic
downtown,943,403,93,52,increase_green_spaces
industrial,784,277,54,23,optimize_traffic
suburban,229,115,54,78,expand_public_transport
downtown,510,384,96,21,optimize_traffic
downtown,194,467,17,29,expand_public_transport
downtown,726,469,62,62,optimize_traffic
industrial,854,311,91,3,optimize_traffic
industrial,391,344,46,76,optimize_traffic
suburban,893,475,74,58,expand_public_transport
industrial,910,292,56,86,expand_public_transport
downtown,382,420,44,7,optimize_traffic
suburban,168,235,32,81,increase_green_spaces
downtown,759,295,16,11,optimize_traffic
downtown,110,174,69,30,expand_public_transport
industrial,353,317,3,77,optimize_traffic
suburban,941,180,19,33,expand_public_transport
industrial,971,286,46,81,expand_public_transport
industrial,649,67,90,97,expand_public_transport
suburban,233,89,14,74,optimize_traffic
downtown,811,70,69,75,expand_public_transport
downtown,122,448,46,48,expand_public_transport
suburban,914,274,77,78,optimize_traffic
downtown,445,404,74,56,expand_public_transport
suburban,401,331,8,94,optimize_traffic
suburban,462,57,89,92,expand_public_transport
industrial,495,149,15,25,increase_green_spaces
suburban,317,289,68,17,increase_green_spaces
industrial,240,136,60,95,expand_public_transport
downtown,715,347,9,85,increase_green_spaces
downtown,309,477,49,37,optimize_traffic
downtown,722,63,2,80,increase_green_spaces
downtown,715,383,76,86,expand_public_transport
industrial,927,51,93,87,expand_public_transport
downtown,782,424,69,49,optimize_traffic
suburban,559,342,80,7,expand_public_transport
suburban,455,374,50,40,optimize_traffic
suburban,423,471,18,5,increase_green_spaces
industrial,232,90,41,68,increase_green_spaces
downtown,987,367,34,43,optimize_traffic
downtown,904,365,45,63,optimize_traffic
downtown,939,430,25,28,expand_public_transport
industrial,226,160,68,27,increase_green_spaces
suburban,205,63,92,10,optimize_traffic
suburban,703,280,63,64,increase_green_spaces
downtown,898,133,36,18,optimize_traffic
suburban,477,179,83,8,increase_green_spaces
suburban,150,280,48,26,expand_public_transport
industrial,128,375,20,33,increase_green_spaces
industrial,561,194,73,43,increase_green_spaces
industrial,395,428,63,67,increase_green_spaces
industrial,396,394,4,99,increase_green_spaces
downtown,825,77,99,81,increase_green_spaces
industrial,878,115,69,14,expand_public_transport
suburban,506,212,89,50,optimize_traffic
downtown,868,278,3,12,increase_green_spaces
suburban,913,310,38,82,expand_public_transport
suburban,712,498,34,48,increase_green_spaces
suburban,504,473,0,69,increase_green_spaces
industrial,445,489,23,55,optimize_traffic
industrial,721,213,56,75,increase_green_spaces
downtown,519,350,99,50,expand_public_transport
downtown,281,456,69,36,expand_public_transport
industrial,924,352,40,16,optimize_traffic
suburban,100,336,53,57,increase_green_spaces
downtown,930,444,45,86,expand_public_transport
industrial,666,59,59,89,increase_green_spaces
industrial,470,244,59,28,increase_green_spaces
industrial,760,167,56,32,increase_green_spaces
suburban,530,319,30,59,optimize_traffic
industrial,408,129,83,90,increase_green_spaces
industrial,236,142,23,88,expand_public_transport
industrial,301,315,88,54,increase_green_spaces
industrial,535,381,35,9,expand_public_transport
downtown,412,399,84,46,increase_green_spaces
downtown,216,410,29,22,expand_public_transport
industrial,765,306,23,84,expand_public_transport
suburban,902,182,29,20,increase_green_spaces
downtown,674,325,85,12,increase_green_spaces
industrial,343,313,91,32,expand_public_transport
downtown,636,220,6,23,optimize_traffic
downtown,701,50,34,10,increase_green_spaces
suburban,174,362,54,16,optimize_traffic
industrial,905,113,91,67,increase_green_spaces
industrial,485,423,13,46,increase_green_spaces
suburban,309,333,9,24,increase_green_spaces
suburban,574,170,79,93,increase_green_spaces
industrial,517,156,15,72,optimize_traffic
industrial,446,470,53,20,increase_green_spaces
suburban,628,224,94,83,expand_public_transport
downtown,739,253,88,82,expand_public_transport
downtown,975,214,76,82,optimize_traffic
suburban,862,354,69,11,increase_green_spaces
downtown,278,169,43,36,expand_public_transport
suburban,281,93,72,41,optimize_traffic
downtown,763,361,44,16,increase_green_spaces
downtown,124,205,99,47,expand_public_transport
industrial,279,416,55,27,expand_public_transport
industrial,809,256,83,40,optimize_traffic
downtown,600,439,81,98,increase_green_spaces
downtown,955,157,56,46,increase_green_spaces
industrial,260,300,20,17,expand_public_transport
industrial,276,494,67,77,expand_public_transport
industrial,384,453,49,98,expand_public_transport
suburban,162,419,32,70,increase_green_spaces
downtown,761,383,90,12,optimize_traffic
industrial,765,179,6,81,optimize_traffic
downtown,255,342,69,12,increase_green_spaces
suburban,981,69,14,99,optimize_traffic
suburban,568,331,81,30,expand_public_transport
industrial,148,334,31,1,optimize_traffic
suburban,948,50,74,15,optimize_traffic
downtown,183,168,19,8,optimize_traffic
industrial,460,84,87,72,expand_public_transport
downtown,788,247,14,37,increase_green_spaces
downtown,247,294,47,74,expand_public_transport
suburban,729,108,70,53,increase_green_spaces
suburban,441,374,20,55,increase_green_spaces
suburban,575,210,41,85,increase_green_spaces
suburban,162,228,25,96,optimize_traffic
suburban,800,255,13,99,optimize_traffic
industrial,459,61,56,86,increase_green_spaces
downtown,660,325,36,44,increase_green_spaces
downtown,426,230,57,33,optimize_traffic
downtown,868,291,20,8,expand_public_transport
downtown,835,265,81,87,increase_green_spaces
suburban,240,300,68,7,expand_public_transport
downtown,314,348,2,6,optimize_traffic
industrial,534,175,86,35,increase_green_spaces
industrial,990,266,89,17,expand_public_transport
downtown,822,355,36,2,expand_public_transport
downtown,417,334,87,27,expand_public_transport
industrial,131,234,48,69,optimize_traffic
industrial,769,88,18,43,optimize_traffic
suburban,384,272,88,20,expand_public_transport
industrial,404,233,84,27,expand_public_transport
suburban,528,476,11,53,optimize_traffic
suburban,576,227,60,53,expand_public_transport
suburban,385,456,40,64,expand_public_transport
suburban,243,477,32,99,optimize_traffic
suburban,523,343,49,20,expand_public_transport
downtown,118,389,67,98,expand_public_transport
industrial,117,200,70,12,expand_public_transport
suburban,868,433,85,56,optimize_traffic
industrial,689,175,32,48,expand_public_transport
industrial,470,350,80,53,optimize_traffic
suburban,274,357,23,9,optimize_traffic
downtown,293,385,60,52,increase_green_spaces
suburban,601,483,60,43,increase_green_spaces
downtown,212,283,97,46,expand_public_transport
industrial,213,429,27,52,optimize_traffic
downtown,321,424,57,73,increase_green_spaces
downtown,777,57,42,45,expand_public_transport
downtown,930,390,40,12,increase_green_spaces
industrial,743,178,38,36,increase_green_spaces
industrial,996,313,85,23,optimize_traffic
downtown,363,206,48,1,optimize_traffic
downtown,154,401,16,85,increase_green_spaces
suburban,970,407,97,80,increase_green_spaces
downtown,742,54,69,99,optimize_traffic
suburban,899,135,69,13,expand_public_transport
downtown,877,224,97,9,optimize_traffic
suburban,557,339,64,34,increase_green_spaces
industrial,977,242,73,24,expand_public_transport
downtown,261,360,84,2,increase_green_spaces
downtown,479,168,4,16,expand_public_transport
downtown,186,267,1,11,increase_green_spaces
downtown,154,476,21,53,expand_public_transport
suburban,575,463,56,23,expand_public_transport
downtown,899,163,65,28,increase_green_spaces
industrial,277,194,73,42,expand_public_transport
industrial,490,75,97,24,optimize_traffic
downtown,448,185,15,99,increase_green_spaces
industrial,107,352,50,59,optimize_traffic
downtown,932,281,38,89,increase_green_spaces
downtown,412,418,85,64,expand_public_transport
industrial,858,125,75,83,expand_public_transport
downtown,934,377,87,27,expand_public_transport
industrial,542,394,39,15,increase_green_spaces
suburban,866,351,37,46,optimize_traffic
downtown,427,338,59,80,optimize_traffic
suburban,153,50,58,91,increase_green_spaces
industrial,860,196,9,57,increase_green_spaces
suburban,338,336,98,75,optimize_traffic
suburban,328,191,63,26,optimize_traffic
industrial,678,102,62,52,optimize_traffic
suburban,150,353,48,41,optimize_traffic
suburban,708,118,63,58,increase_green_spaces
industrial,703,410,31,46,increase_green_spaces
suburban,363,139,6,93,expand_public_transport
industrial,517,495,20,33,optimize_traffic
suburban,902,269,19,36,expand_public_transport
industrial,195,499,25,5,increase_green_spaces
industrial,187,241,67,6,increase_green_spaces
suburban,177,112,85,95,expand_public_transport
suburban,387,122,14,95,optimize_traffic
suburban,219,210,84,24,optimize_traffic
downtown,913,218,78,32,optimize_traffic
downtown,590,138,85,54,optimize_traffic
downtown,551,225,91,57,expand_public_transport
industrial,599,318,13,6,expand_public_transport
suburban,264,122,26,56,increase_green_spaces
industrial,281,294,39,11,optimize_traffic
downtown,568,126,57,15,optimize_traffic
suburban,834,208,27,79,optimize_traffic
industrial,922,373,25,42,expand_public_transport
suburban,106,147,62,99,optimize_traffic
industrial,429,430,65,76,expand_public_transport
suburban,874,151,24,6,optimize_traffic
downtown,772,181,2,99,optimize_traffic
downtown,250,151,71,50,increase_green_spaces
suburban,184,68,43,72,optimize_traffic
industrial,246,131,96,31,optimize_traffic
downtown,723,446,41,74,increase_green_spaces
downtown,480,328,98,7,expand_public_transport
downtown,647,388,5,96,expand_public_transport
suburban,384,414,38,86,optimize_traffic
suburban,799,380,51,88,expand_public_transport
industrial,181,178,22,71,optimize_traffic
industrial,613,393,88,44,increase_green_spaces
industrial,996,359,49,85,increase_green_spaces
suburban,914,138,42,58,optimize_traffic
suburban,808,262,18,3,increase_green_spaces
industrial,622,192,68,66,increase_green_spaces
industrial,845,114,50,28,optimize_traffic
suburban,485,125,10,28,optimize_traffic
industrial,806,248,11,97,increase_green_spaces
downtown,570,192,73,97,expand_public_transport
suburban,218,454,7,27,expand_public_transport
industrial,495,452,23,76,optimize_traffic
suburban,631,365,91,78,optimize_traffic
downtown,360,142,40,86,expand_public_transport
suburban,904,466,35,43,increase_green_spaces
suburban,355,354,84,89,expand_public_transport
suburban,833,273,71,3,expand_public_transport
suburban,325,340,54,89,expand_public_transport
downtown,152,477,8,8,expand_public_transport
suburban,966,151,46,4,optimize_traffic
suburban,599,316,14,55,optimize_traffic
industrial,605,404,47,95,increase_green_spaces
suburban,953,159,81,83,increase_green_spaces
industrial,463,379,41,49,increase_green_spaces
downtown,379,499,59,74,increase_green_spaces
downtown,692,479,83,14,expand_public_transport
downtown,813,314,69,31,optimize_traffic
downtown,257,52,11,27,optimize_traffic
industrial,731,134,1,21,increase_green_spaces
suburban,158,331,6,16,increase_green_spaces
downtown,826,377,79,58,expand_public_transport
suburban,227,353,2,89,expand_public_transport
industrial,835,499,2,70,increase_green_spaces
industrial,820,461,26,56,optimize_traffic
industrial,981,166,39,25,optimize_traffic
downtown,214,270,32,24,optimize_traffic
suburban,308,203,91,9,increase_green_spaces
suburban,625,202,0,44,optimize_traffic
suburban,620,61,7,82,expand_public_transport
industrial,651,182,31,10,expand_public_transport
downtown,336,353,47,76,increase_green_spaces
industrial,380,342,3,52,expand_public_transport
industrial,458,349,93,71,increase_green_spaces
suburban,300,277,69,67,optimize_traffic
industrial,857,320,18,94,optimize_traffic
suburban,377,92,31,27,optimize_traffic
downtown,334,481,8,74,expand_public_transport
suburban,593,392,11,64,increase_green_spaces
downtown,103,375,10,48,optimize_traffic
suburban,765,351,45,46,increase_green_spaces
industrial,541,413,15,51,optimize_traffic
industrial,128,428,0,87,expand_public_transport
downtown,208,476,62,53,expand_public_transport
downtown,709,70,20,59,increase_green_spaces
downtown,826,456,29,56,expand_public_transport
suburban,904,156,12,46,expand_public_transport
suburban,174,385,33,30,increase_green_spaces
downtown,937,352,3,45,optimize_traffic
industrial,245,166,27,25,expand_public_transport
suburban,227,173,94,4,increase_green_spaces
suburban,952,448,58,83,expand_public_transport
suburban,141,330,26,51,expand_public_transport
downtown,455,341,68,74,expand_public_transport
downtown,140,252,24,53,expand_public_transport
downtown,133,100,2,32,increase_green_spaces
downtown,116,320,96,49,increase_green_spaces
downtown,776,373,67,37,increase_green_spaces
industrial,252,326,24,26,expand_public_transport
industrial,477,190,19,97,expand_public_transport
downtown,687,324,33,14,expand_public_transport
suburban,698,339,25,95,increase_green_spaces
downtown,728,383,4,60,expand_public_transport
industrial,973,430,98,20,optimize_traffic
industrial,441,422,60,45,expand_public_transport
suburban,126,101,91,68,optimize_traffic
industrial,924,76,92,5,expand_public_transport
downtown,386,206,8,37,increase_green_spaces
suburban,745,288,49,61,expand_public_transport
downtown,830,205,5,85,optimize_traffic
downtown,267,340,82,61,optimize_traffic
suburban,709,185,59,81,expand_public_transport
downtown,367,193,43,77,optimize_traffic
industrial,848,155,10,73,optimize_traffic
downtown,920,469,65,45,increase_green_spaces
suburban,554,207,46,12,expand_public_transport
suburban,784,195,72,94,expand_public_transport
suburban,500,51,84,93,expand_public_transport
downtown,575,482,87,2,optimize_traffic
suburban,801,126,97,93,expand_public_transport
suburban,733,181,85,5,expand_public_transport
downtown,657,139,2,92,increase_green_spaces
industrial,675,394,75,7,increase_green_spaces
downtown,229,399,91,43,increase_green_spaces
suburban,921,312,29,32,optimize_traffic
suburban,462,400,89,80,expand_public_transport
downtown,804,157,20,74,increase_green_spaces
industrial,918,123,27,76,increase_green_spaces
suburban,792,88,89,49,increase_green_spaces
suburban,391,446,61,10,expand_public_transport
suburban,470,208,32,94,expand_public_transport
downtown,893,120,84,27,expand_public_transport
suburban,128,496,34,69,optimize_traffic
industrial,248,361,51,40,optimize_traffic
suburban,878,290,33,15,increase_green_spaces
suburban,395,475,40,67,expand_public_transport
industrial,110,494,50,98,increase_green_spaces
suburban,611,347,46,47,expand_public_transport
downtown,775,489,81,55,expand_public_transport
downtown,212,85,57,63,expand_public_transport
downtown,286,133,74,58,optimize_traffic
industrial,906,423,56,89,optimize_traffic
suburban,843,312,22,61,expand_public_transport
downtown,326,359,47,75,increase_green_spaces
industrial,409,434,21,10,expand_public_transport
suburban,197,221,16,88,expand_public_transport
industrial,154,425,68,17,increase_green_spaces
downtown,722,222,10,18,expand_public_transport
downtown,763,411,93,86,increase_green_spaces
downtown,857,96,14,54,optimize_traffic
industrial,505,428,90,81,optimize_traffic
industrial,168,190,34,25,increase_green_spaces
downtown,411,424,32,5,optimize_traffic
industrial,388,455,83,3,optimize_traffic
downtown,861,167,15,28,increase_green_spaces
downtown,647,326,33,58,optimize_traffic
suburban,850,263,65,97,expand_public_transport
industrial,247,269,98,16,expand_public_transport
downtown,566,442,39,42,increase_green_spaces
downtown,838,75,27,79,optimize_traffic
industrial,343,58,46,65,expand_public_transport
suburban,590,320,38,33,expand_public_transport
suburban,948,59,69,7,optimize_traffic
downtown,606,427,72,12,optimize_traffic
industrial,464,170,19,7,expand_public_transport
suburban,581,174,0,93,expand_public_transport
industrial,300,219,71,95,increase_green_spaces
industrial,253,121,86,99,increase_green_spaces
downtown,549,201,62,93,expand_public_transport
suburban,600,257,66,64,increase_green_spaces
downtown,172,98,3,42,expand_public_transport
suburban,812,203,57,38,expand_public_transport
suburban,395,396,24,80,increase_green_spaces
suburban,116,342,46,58,increase_green_spaces
suburban,740,117,37,83,optimize_traffic
suburban,316,99,14,87,optimize_traffic
industrial,160,201,62,85,optimize_traffic
downtown,715,68,20,92,expand_public_transport
industrial,141,149,98,85,increase_green_spaces
suburban,124,109,56,43,expand_public_transport
downtown,138,216,52,8,increase_green_spaces
suburban,902,251,45,36,expand_public_transport
downtown,230,394,13,73,optimize_traffic
industrial,597,195,99,35,optimize_traffic
downtown,328,452,75,91,optimize_traffic
downtown,207,213,16,27,expand_public_transport
downtown,271,488,38,41,increase_green_spaces
downtown,534,291,8,42,increase_green_spaces
downtown,577,118,98,84,optimize_traffic
suburban,201,224,76,87,optimize_traffic
downtown,965,98,78,41,optimize_traffic
downtown,623,157,81,65,optimize_traffic
industrial,374,275,96,54,increase_green_spaces
downtown,712,210,5,71,expand_public_transport
industrial,143,168,90,47,expand_public_transport
suburban,916,198,22,90,expand_public_transport
downtown,116,199,58,21,expand_public_transport
industrial,429,481,90,26,optimize_traffic
industrial,668,342,97,92,optimize_traffic
suburban,922,192,45,66,optimize_traffic
downtown,596,468,37,12,expand_public_transport
downtown,914,209,13,44,optimize_traffic
industrial,111,60,99,9,optimize_traffic
downtown,417,187,71,99,increase_green_spaces
industrial,691,127,61,8,increase_green_spaces
downtown,315,126,34,53,optimize_traffic
industrial,438,490,18,26,increase_green_spaces
downtown,875,303,29,33,increase_green_spaces
suburban,760,458,77,0,optimize_traffic
downtown,180,307,83,31,optimize_traffic
downtown,826,369,24,88,optimize_traffic
suburban,584,340,39,92,optimize_traffic
downtown,473,312,87,70,expand_public_transport
suburban,809,134,13,66,expand_public_transport
downtown,299,195,25,83,optimize_traffic
industrial,636,372,86,19,increase_green_spaces
industrial,565,91,21,93,optimize_traffic
downtown,188,423,47,34,optimize_traffic
downtown,367,174,82,98,increase_green_spaces
downtown,754,216,50,90,expand_public_transport
industrial,670,474,2,89,optimize_traffic
downtown,588,290,41,77,optimize_traffic
industrial,976,329,18,16,expand_public_transport
suburban,637,237,72,17,expand_public_transport
industrial,146,351,27,44,increase_green_spaces
industrial,387,68,83,92,expand_public_transport
suburban,877,117,44,83,expand_public_transport
industrial,115,267,70,52,expand_public_transport
downtown,810,151,77,90,increase_green_spaces
downtown,500,91,62,81,expand_public_transport
industrial,893,337,72,67,expand_public_transport
downtown,185,216,18,64,increase_green_spaces
industrial,349,158,46,0,expand_public_transport
downtown,490,85,13,57,expand_public_transport
downtown,881,281,37,25,increase_green_spaces
industrial,434,278,52,19,optimize_traffic
downtown,728,402,60,86,increase_green_spaces
industrial,618,213,35,9,expand_public_transport
downtown,236,436,39,58,expand_public_transport
downtown,982,122,80,74,expand_public_transport
suburban,787,185,29,40,increase_green_spaces
suburban,939,402,8,4,expand_public_transport
industrial,597,428,63,64,expand_public_transport
suburban,926,119,32,16,increase_green_spaces
industrial,826,474,51,21,optimize_traffic
suburban,576,245,88,97,optimize_traffic
downtown,693,318,13,40,expand_public_transport
industrial,322,98,74,92,increase_green_spaces
industrial,471,365,52,67,expand_public_transport
downtown,501,179,98,68,increase_green_spaces
industrial,542,493,58,10,increase_green_spaces
industrial,589,54,77,55,optimize_traffic
suburban,714,477,93,50,optimize_traffic
industrial,372,76,40,20,increase_green_spaces
downtown,625,209,67,98,expand_public_transport
suburban,258,198,67,75,optimize_traffic
suburban,251,313,91,25,expand_public_transport
downtown,719,279,7,18,optimize_traffic
downtown,287,249,1,59,optimize_traffic
suburban,912,99,85,70,expand_public_transport
industrial,197,116,40,46,optimize_traffic
suburban,230,349,54,70,optimize_traffic
downtown,904,430,15,25,expand_public_transport
suburban,270,107,92,39,optimize_traffic
downtown,282,308,61,4,optimize_traffic
suburban,463,391,47,20,optimize_traffic
industrial,138,375,29,77,expand_public_transport
suburban,626,179,11,3,increase_green_spaces
suburban,987,264,34,22,expand_public_transport
downtown,596,221,10,83,increase_green_spaces
downtown,615,307,63,14,optimize_traffic
downtown,448,151,49,92,increase_green_spaces
suburban,496,258,84,7,expand_public_transport
industrial,821,340,20,40,expand_public_transport
downtown,260,403,68,18,optimize_traffic
downtown,115,335,47,45,increase_green_spaces
suburban,592,165,19,27,optimize_traffic
downtown,525,313,66,90,optimize_traffic
industrial,207,199,43,67,expand_public_transport
industrial,993,349,32,14,increase_green_spaces
downtown,549,491,72,98,increase_green_spaces
downtown,410,85,60,36,increase_green_spaces
suburban,838,382,8,0,increase_green_spaces
industrial,269,336,67,66,optimize_traffic
industrial,645,352,34,23,optimize_traffic
downtown,513,360,80,26,expand_public_transport
suburban,350,257,97,39,optimize_traffic
industrial,858,155,87,62,optimize_traffic
industrial,880,495,95,60,expand_public_transport
suburban,240,207,64,35,expand_public_transport
suburban,373,170,7,97,expand_public_transport
industrial,515,104,44,92,optimize_traffic
industrial,707,449,86,23,optimize_traffic
suburban,838,61,46,23,expand_public_transport
industrial,990,194,39,3,expand_public_transport
downtown,138,449,75,66,expand_public_transport
downtown,913,445,53,33,optimize_traffic
suburban,128,185,75,56,optimize_traffic
suburban,576,52,45,48,increase_green_spaces
suburban,417,193,46,86,optimize_traffic
downtown,344,79,14,52,optimize_traffic
industrial,847,286,18,22,optimize_traffic
downtown,796,328,25,68,expand_public_transport
industrial,371,397,51,94,optimize_traffic
downtown,539,164,92,52,expand_public_transport
industrial,847,153,21,61,increase_green_spaces
downtown,338,167,20,40,increase_green_spaces
suburban,476,54,50,56,expand_public_transport
downtown,365,409,37,59,expand_public_transport
industrial,458,297,19,53,expand_public_transport
downtown,439,413,28,69,optimize_traffic
downtown,488,370,50,56,increase_green_spaces
downtown,676,170,3,9,expand_public_transport
suburban,788,335,54,39,optimize_traffic
downtown,102,198,70,6,increase_green_spaces
suburban,528,133,91,37,optimize_traffic
suburban,241,455,27,84,increase_green_spaces
downtown,475,280,3,60,optimize_traffic
downtown,769,337,21,83,increase_green_spaces
downtown,423,210,75,2,increase_green_spaces
industrial,245,321,44,50,optimize_traffic
downtown,392,87,66,85,expand_public_transport
suburban,764,275,85,46,increase_green_spaces
downtown,531,191,65,67,expand_public_transport
industrial,804,341,87,91,optimize_traffic
downtown,684,200,33,75,expand_public_transport
industrial,498,163,90,37,expand_public_transport
industrial,916,286,54,35,expand_public_transport
downtown,988,115,0,40,expand_public_transport
suburban,443,410,71,68,expand_public_transport
industrial,239,390,86,12,increase_green_spaces
downtown,286,307,37,86,increase_green_spaces
downtown,904,298,5,57,increase_green_spaces
suburban,160,498,85,49,optimize_traffic
industrial,479,380,24,29,expand_public_transport
industrial,809,372,81,61,increase_green_spaces
downtown,906,229,16,24,optimize_traffic
downtown,539,239,60,26,increase_green_spaces
suburban,418,456,11,50,increase_green_spaces
suburban,401,203,5,77,expand_public_transport
industrial,443,245,89,56,optimize_traffic
industrial,110,360,26,46,expand_public_transport
downtown,161,311,7,99,expand_public_transport
industrial,944,468,82,38,increase_green_spaces
suburban,325,455,64,15,expand_public_transport
suburban,252,476,56,21,optimize_traffic
downtown,810,192,92,84,expand_public_transport
suburban,663,391,98,53,expand_public_transport
suburban,871,365,39,20,expand_public_transport
suburban,670,150,13,71,increase_green_spaces
suburban,683,293,34,15,optimize_traffic
downtown,759,61,47,58,increase_green_spaces
downtown,960,288,83,30,increase_green_spaces
industrial,674,98,55,41,increase_green_spaces
suburban,409,91,48,73,increase_green_spaces
industrial,984,215,12,31,increase_green_spaces
downtown,342,131,60,58,optimize_traffic
downtown,592,478,48,33,expand_public_transport
downtown,465,340,45,8,increase_green_spaces
downtown,429,207,61,80,increase_green_spaces
downtown,206,265,7,10,optimize_traffic
downtown,325,207,42,95,optimize_traffic
downtown,924,183,19,9,expand_public_transport
suburban,317,116,96,85,optimize_traffic
industrial,852,385,89,16,expand_public_transport
downtown,605,56,38,67,increase_green_spaces
suburban,358,485,84,47,increase_green_spaces
suburban,987,63,48,51,expand_public_transport
industrial,873,122,63,24,optimize_traffic
downtown,616,448,61,20,expand_public_transport
industrial,872,454,53,64,optimize_traffic
downtown,153,212,8,62,increase_green_spaces
suburban,146,115,87,88,optimize_traffic
suburban,826,396,36,50,expand_public_transport
suburban,788,179,48,35,expand_public_transport
suburban,620,468,40,80,increase_green_spaces
industrial,198,255,16,87,optimize_traffic
downtown,119,325,87,65,optimize_traffic
downtown,989,305,20,14,optimize_traffic
industrial,852,315,50,95,increase_green_spaces
downtown,672,74,58,38,optimize_traffic
suburban,990,499,38,69,expand_public_transport
downtown,589,330,54,0,optimize_traffic
suburban,518,302,40,22,increase_green_spaces
industrial,789,359,38,38,optimize_traffic
downtown,949,338,12,56,optimize_traffic
industrial,161,213,63,80,expand_public_transport
downtown,244,144,10,33,optimize_traffic
suburban,315,319,18,40,expand_public_transport
industrial,102,370,10,92,expand_public_transport
downtown,259,159,76,72,increase_green_spaces
suburban,838,385,45,12,expand_public_transport
industrial,880,359,44,69,expand_public_transport
industrial,219,287,0,5,increase_green_spaces
downtown,992,430,39,83,expand_public_transport
downtown,188,485,18,51,increase_green_spaces
downtown,428,436,75,2,optimize_traffic
suburban,679,474,71,80,increase_green_spaces
downtown,456,439,71,62,expand_public_transport
industrial,709,74,60,48,increase_green_spaces
industrial,366,190,11,75,expand_public_transport
downtown,716,166,60,46,optimize_traffic
downtown,422,441,32,54,increase_green_spaces
industrial,734,454,44,63,optimize_traffic
suburban,640,74,89,64,expand_public_transport
downtown,748,128,91,80,expand_public_transport
downtown,294,117,68,66,optimize_traffic
industrial,837,222,7,89,increase_green_spaces
downtown,431,493,24,14,increase_green_spaces
suburban,269,61,90,99,expand_public_transport
industrial,620,337,45,31,optimize_traffic
downtown,562,177,86,95,optimize_traffic
industrial,139,145,29,67,increase_green_spaces
downtown,636,141,46,17,increase_green_spaces
downtown,360,190,86,82,increase_green_spaces
downtown,494,80,48,42,optimize_traffic
suburban,325,383,46,34,increase_green_spaces
suburban,223,69,83,77,increase_green_spaces
industrial,137,195,81,57,expand_public_transport
downtown,427,365,17,32,increase_green_spaces
downtown,350,496,65,13,increase_green_spaces
suburban,275,439,67,33,optimize_traffic
downtown,701,209,93,60,optimize_traffic
suburban,553,398,32,3,expand_public_transport
downtown,136,92,35,87,increase_green_spaces
industrial,415,303,81,58,expand_public_transport
downtown,787,179,18,28,optimize_traffic
downtown,895,109,27,82,expand_public_transport
suburban,692,200,39,5,optimize_traffic
downtown,213,336,83,96,expand_public_transport
downtown,139,54,96,48,expand_public_transport
suburban,400,467,75,39,increase_green_spaces
industrial,323,315,14,82,expand_public_transport
industrial,417,394,40,64,increase_green_spaces
suburban,448,179,38,68,increase_green_spaces
suburban,214,431,1,26,increase_green_spaces
suburban,797,316,62,79,increase_green_spaces
suburban,422,227,28,5,expand_public_transport
suburban,667,302,73,12,optimize_traffic
industrial,139,464,65,63,optimize_traffic
industrial,965,105,50,61,optimize_traffic
suburban,139,132,74,98,expand_public_transport
downtown,958,442,76,18,increase_green_spaces
suburban,848,148,9,75,optimize_traffic
downtown,388,198,13,79,expand_public_transport
suburban,361,378,81,42,increase_green_spaces
suburban,315,205,50,73,optimize_traffic
industrial,246,239,72,88,increase_green_spaces
downtown,435,420,38,19,optimize_traffic
downtown,267,312,27,94,optimize_traffic
industrial,191,129,2,67,optimize_traffic
industrial,452,449,83,43,increase_green_spaces
industrial,670,301,69,22,expand_public_transport
industrial,670,146,26,1,increase_green_spaces
downtown,915,309,1,21,optimize_traffic
downtown,780,309,92,56,increase_green_spaces
suburban,880,152,37,71,expand_public_transport
suburban,462,89,2,6,increase_green_spaces
industrial,656,322,15,77,expand_public_transport
industrial,444,150,93,55,expand_public_transport
industrial,792,408,39,66,increase_green_spaces
suburban,269,429,1,15,optimize_traffic
suburban,455,357,80,82,expand_public_transport
suburban,290,270,40,50,increase_green_spaces
suburban,766,357,11,81,expand_public_transport
suburban,521,469,34,79,optimize_traffic
suburban,799,173,64,71,increase_green_spaces
suburban,106,471,54,96,increase_green_spaces
industrial,232,280,44,11,increase_green_spaces
industrial,846,227,78,52,optimize_traffic
industrial,656,112,89,74,expand_public_transport
industrial,925,165,84,4,increase_green_spaces
suburban,860,240,61,26,expand_public_transport
downtown,130,111,48,11,expand_public_transport
suburban,634,305,94,16,optimize_traffic
downtown,525,56,24,5,increase_green_spaces
industrial,493,204,22,96,expand_public_transport
suburban,771,141,23,4,increase_green_spaces
industrial,462,63,37,56,increase_green_spaces
suburban,536,278,27,27,optimize_traffic
industrial,769,135,20,77,increase_green_spaces
downtown,650,182,53,68,increase_green_spaces
downtown,181,232,17,58,expand_public_transport
downtown,455,435,35,32,optimize_traffic
suburban,357,111,98,61,increase_green_spaces
downtown,817,268,44,49,expand_public_transport
suburban,688,454,72,18,optimize_traffic
downtown,623,295,52,85,optimize_traffic
downtown,394,279,29,68,expand_public_transport
suburban,323,128,59,65,expand_public_transport
suburban,624,198,97,93,expand_public_transport
downtown,145,187,31,46,expand_public_transport
suburban,766,363,66,38,expand_public_transport
downtown,212,425,66,67,increase_green_spaces
suburban,332,472,27,32,increase_green_spaces
industrial,116,438,43,12,optimize_traffic
industrial,459,114,78,83,increase_green_spaces
industrial,322,62,40,53,increase_green_spaces
industrial,965,262,62,6,increase_green_spaces
industrial,799,291,22,78,expand_public_transport
downtown,547,262,74,86,optimize_traffic
industrial,955,230,47,13,optimize_traffic
industrial,464,387,31,86,optimize_traffic
industrial,774,222,56,18,optimize_traffic
industrial,425,209,99,53,increase_green_spaces
suburban,566,213,32,92,increase_green_spaces
downtown,513,237,23,19,expand_public_transport
industrial,554,444,38,28,optimize_traffic
industrial,685,240,33,23,increase_green_spaces
industrial,332,454,55,81,increase_green_spaces
downtown,323,357,27,62,expand_public_transport
suburban,930,305,36,73,expand_public_transport
downtown,511,232,6,56,expand_public_transport
suburban,671,166,67,7,increase_green_spaces
industrial,434,331,36,89,increase_green_spaces
industrial,321,245,55,61,expand_public_transport
downtown,136,83,64,28,optimize_traffic
downtown,377,101,64,73,expand_public_transport
suburban,295,161,46,16,expand_public_transport
suburban,963,301,19,65,expand_public_transport
downtown,583,131,18,5,expand_public_transport
suburban,341,281,28,57,increase_green_spaces
downtown,423,276,73,68,optimize_traffic
suburban,830,282,59,27,expand_public_transport
downtown,291,270,17,61,optimize_traffic
downtown,116,485,91,40,optimize_traffic
downtown,623,462,34,68,optimize_traffic
suburban,500,471,42,81,expand_public_transport
suburban,985,91,94,89,increase_green_spaces
suburban,804,70,90,83,expand_public_transport
downtown,121,91,10,40,optimize_traffic
suburban,573,446,48,48,optimize_traffic
suburban,219,162,37,90,increase_green_spaces
downtown,309,154,63,48,expand_public_transport
industrial,405,241,68,75,optimize_traffic
downtown,369,66,7,70,increase_green_spaces
suburban,803,169,33,2,optimize_traffic
downtown,786,442,47,9,increase_green_spaces
industrial,384,474,55,97,increase_green_spaces
downtown,815,178,75,88,expand_public_transport
suburban,775,179,64,34,optimize_traffic
industrial,862,109,30,79,expand_public_transport
suburban,326,97,3,1,optimize_traffic
industrial,480,78,49,23,expand_public_transport
industrial,559,146,68,73,optimize_traffic
downtown,106,59,29,37,expand_public_transport
downtown,128,291,87,21,increase_green_spaces
suburban,132,363,58,25,optimize_traffic
downtown,745,493,66,42,optimize_traffic
downtown,978,281,74,54,increase_green_spaces
industrial,178,326,44,38,expand_public_transport
downtown,558,333,3,90,optimize_traffic
industrial,669,252,25,28,optimize_traffic
industrial,637,296,26,19,expand_public_transport
industrial,581,339,45,90,increase_green_spaces
suburban,529,313,63,40,expand_public_transport
suburban,837,492,90,53,expand_public_transport
suburban,384,263,50,19,expand_public_transport
industrial,615,249,49,18,optimize_traffic
suburban,198,482,5,83,increase_green_spaces
suburban,496,128,58,98,increase_green_spaces
downtown,588,450,14,65,expand_public_transport
suburban,138,493,29,29,optimize_traffic
suburban,370,392,41,52,expand_public_transport
industrial,986,393,36,33,optimize_traffic
industrial,896,222,41,21,optimize_traffic
industrial,256,118,34,66,optimize_traffic
industrial,174,465,86,5,optimize_traffic
industrial,983,477,5,78,increase_green_spaces
industrial,899,498,67,26,optimize_traffic
suburban,229,136,17,9,optimize_traffic
industrial,786,150,72,72,expand_public_transport
industrial,183,57,28,96,expand_public_transport
downtown,121,382,76,95,increase_green_spaces
suburban,558,249,58,47,expand_public_transport
suburban,638,136,46,69,optimize_traffic
suburban,806,92,16,58,expand_public_transport
industrial,948,434,95,99,increase_green_spaces
industrial,481,158,21,58,expand_public_transport
industrial,847,484,67,1,expand_public_transport
downtown,539,457,68,28,increase_green_spaces
industrial,703,201,36,67,increase_green_spaces
downtown,120,66,48,64,optimize_traffic
suburban,402,182,12,82,expand_public_transport
industrial,968,197,33,25,optimize_traffic
downtown,183,326,85,88,expand_public_transport
downtown,873,281,52,9,expand_public_transport
industrial,758,363,86,52,optimize_traffic
suburban,552,464,50,78,expand_public_transport
suburban,486,415,2,58,expand_public_transport
suburban,606,277,41,21,expand_public_transport
downtown,356,188,97,50,increase_green_spaces
downtown,669,485,31,47,optimize_traffic
downtown,991,448,50,20,increase_green_spaces
downtown,626,260,84,21,optimize_traffic
suburban,261,440,45,99,optimize_traffic
industrial,262,77,20,97,expand_public_transport
downtown,931,100,43,29,optimize_traffic
downtown,892,491,10,24,increase_green_spaces
suburban,891,310,67,27,increase_green_spaces
industrial,623,310,0,64,increase_green_spaces
industrial,885,399,91,44,optimize_traffic
suburban,370,401,62,67,increase_green_spaces
suburban,591,57,23,6,optimize_traffic
industrial,307,369,98,48,increase_green_spaces
downtown,638,187,12,8,increase_green_spaces
industrial,683,87,97,35,optimize_traffic
suburban,159,160,10,82,increase_green_spaces
downtown,529,417,99,0,expand_public_transport
downtown,756,269,50,9,optimize_traffic
suburban,704,386,16,35,optimize_traffic
suburban,408,272,98,72,optimize_traffic
suburban,619,185,81,45,expand_public_transport
industrial,690,305,85,31,optimize_traffic
industrial,126,409,23,31,increase_green_spaces
downtown,785,458,18,5,increase_green_spaces
suburban,661,378,36,47,increase_green_spaces
downtown,298,499,84,37,optimize_traffic
downtown,486,483,7,16,increase_green_spaces
downtown,448,98,27,73,optimize_traffic
downtown,792,341,4,26,increase_green_spaces
suburban,635,431,16,53,expand_public_transport
downtown,927,373,35,49,expand_public_transport
suburban,477,127,18,34,expand_public_transport
suburban,998,154,63,84,expand_public_transport
industrial,657,218,90,24,optimize_traffic
suburban,626,266,97,27,increase_green_spaces
industrial,252,427,10,14,expand_public_transport
suburban,833,168,53,3,optimize_traffic
suburban,305,239,44,92,expand_public_transport
suburban,554,304,46,72,expand_public_transport
industrial,372,419,11,26,optimize_traffic
industrial,993,315,20,25,optimize_traffic
downtown,335,198,10,18,increase_green_spaces
